"paper_id","phase","authors","year","title","source_pdf","source_markdown","metadata_reference","classification_task","class_definition","recognition_level","model_level_evidence","dataset","public_availability","acoustic_representation","classifier_model","source_engine_state","speed","distance","direction","propagation_geometry","terrain_ground","weather","background_noise","microphone_sensor","invariance","eval_random_within","eval_heldout_condition","eval_heldout_sensor","eval_heldout_location","eval_crossdomain","split_details","test_domain","reported_results","author_limitations","review_interpretation","pdf_verification"
"P05","1","Altmann; Linev; Weiß","2002","Acoustic–seismic detection and classification of military vehicles—developing tools for disarmament and peace-keeping","ABVID Lit Review/pdf-ver/Acoustic–seismic detection and classification of military vehicles—developing tools for disarmament and peace-keeping.pdf","ABVID Lit Review/markdown-ver/Acoustic–seismic detection and classification of military vehicles—developing tools for disarmament and peace-keeping/Acoustic–seismic detection and classification of military vehicles—developing tools for disarmament and peace-keeping.md","[P05, PDF title page; catalog mapping; §§2–5]","Author: tracked/wheeled separation and recognition among selected recorded military vehicles from acoustic/seismic signals [P05, §§3.5,4.4]","Author: broad tracked/wheeled labels; harmonic classifier uses Leopard 1, Leopard 2, M48, Jaguar, Fuchs, Hermelin, MB1017, Unimog. Wiesel and VW van excluded because reliable harmonic series could not be obtained [P05, Table 2; §§4.3–4.4]","Review: broad categories plus nominal type labels evaluated on the recorded exemplars; no independent-exemplar model recognition established [P05, §§4.4–5]","Author: recognizes engine including exhaust configuration, not actual vehicle type; different types with the same engine can be grouped. Independent same-model exemplars: unknown [P05, §5]","Author: BVP Meppen WTD91 campaign, 12 October–10 November 2000; five tracked and five wheeled test vehicles [P05, §2; Tables 1–2]","unknown; archived measurements described, but no public raw-data release/access route established [P05, §2]","Author: RMS maxima, spectra/spectrograms; harmonic classifier uses log-transformed relative powers of first 15 harmonics of an estimated engine fundamental [P05, §§3.1–3.4]","Author: optimal straight-line acoustic/seismic category separation; learning vector quantization with 10 codebook vectors per selected vehicle label [P05, §§3.5,4.4]","controlled/varied: moving and standing runs; engine types documented; RPM inferred from harmonic series. Independent throttle/load measurement: unknown [P05, §§2,4.3,5]","controlled nominal speedometer targets: 40,30,20,15,10,5 km/h, minimum speed and standing; exact speed trajectories unknown [P05, §2]","controlled: known lanes and sensor coordinates; varying range during passes. No independent held-out-distance split established [P05, Table 1; §§2,4.2]","controlled/varied: both travel directions; near-maximum feature selection restricts some observation angles, not explicit angle invariance [P05, §§2,4.2–4.4]","controlled: two sensor sites separated by 101.4 m; lane/sensor coordinates and 0.30 m microphone height documented; moving pass geometry [P05, Table 1; §2]","controlled/varied: concrete lane 0 and sand lanes 1–3; no terrain-randomization distribution established [P05, §2; Table 1, PDF p.4]","measured: meteorological station; wind/rain discussed in background measurements; factorial weather control unknown [P05, §§2,4.1]","measured/selected: backgrounds observed; low-audibility passes excluded and some fundamental estimates operator-corrected. Prescribed randomized SNR: unknown [P05, §§4.1,4.3]","controlled: B&K 4198 microphones, SM6 three-component geophones, specified filtering/sampling; suspected power-supply acoustic noise discussed [P05, §§2,4.1]","Author: relative harmonic powers tolerate scalar gain, absolute time shift and uniform frequency scaling; frequency-dependent propagation, angle and RPM-dependent harmonic balance remain [P05, §3.4 and footnote 4; §5]","yes: 2/3 of feature vectors from every pass used for training, 1/3 for testing; both subsets share passes [P05, §4.4]","no distinct held-out physical condition established; near-maximum and full-pass variants [P05, §4.4]","unknown; independent sensor-held-out recognition not reported [P05, §4.4]","unknown; independent location-held-out recognition not reported [P05, §§2,4.4]","no cross-dataset evaluation reported [P05, §4.4]","Author: within-pass feature selection/split and trial-and-error LVQ codebook selection. Review: separate selection-validation set unknown [P05, §4.4]","real → real within the same campaign and passes [P05, §4.4]","Author: 93.8% category separation with optimized acoustic/seismic boundary; 89% full-pass accuracy over the eight retained labels. Different tasks/protocols; no unseen-session claim [P05, §§4.2,4.4; Table 3, PDF p.20]","Engine/exhaust rather than actual vehicle-type identification; two vehicles lack reliable series; relative powers vary with RPM/angle; further systematic measurements needed [P05, §5]","Review: within-pass dependence, selection of audible examples and excluded vehicles limit generalization claims; high nominal-type accuracy is not new-exemplar model recognition [P05, §§4.3–4.4]","Visually checked missing Lane 3 header and Table 3; no values reconstructed from Markdown [P05, PDF pp.4,20]"
"P04","1","Altmann","2004","Acoustic and seismic signals of heavy military vehicles for co-operative verification","ABVID Lit Review/pdf-ver/Acoustic and seismic signals of heavy military vehicles for co-operative verification.pdf","ABVID Lit Review/markdown-ver/Acoustic and seismic signals of heavy military vehicles for co-operative verification/Acoustic and seismic signals of heavy military vehicles for co-operative verification.md","[P04, PDF title page; catalog mapping; §§2–7]","Author: empirical characterization for detection/classification/verification; no new supervised classification benchmark in this paper [P04, §§1,7]","Author: named heavy military vehicles and tracked/wheeled comparisons; no fixed output class set for a trained classifier [P04, §2; Tables 1–2]","Review: physical signature evidence; neither an individual-recognition benchmark nor validated model-level recognition [P04, §§5,7]","unknown; independent physical-exemplar model-classification evaluation not established [P04, §§2,5,7]","Author: BVP campaigns at Doksy, Baumholder (two campaigns), Amersfoort, 1989–1992, acoustic and seismic measurements [P04, §2]","unknown; open cooperative experiments do not establish public downloadable raw recordings [P04, §2]","Author: waveform amplitudes/RMS, FFT spectra and time-frequency harmonics; acoustic/seismic comparisons and array delays [P04, §§3–6]","not applicable: physical analysis and beamforming, no trained recognition classifier evaluated [P04, §§4–7]","controlled/varied: stationary and moving vehicles, engine/gearing specifications, loaded/unloaded examples; exhaust/intake and track contributions discussed; comprehensive component isolation unknown [P04, §§2,5.1–5.3]","controlled nominal passes including 5,20,40 km/h; additional increments at Amersfoort; measured using light beams in described campaigns [P04, §2; §§4.1,5.1]","controlled/measured geometry: multiple receiver distances; inverse-distance-like fits to pass maxima, not universal instantaneous attenuation [P04, §§2,4.1]","controlled/varied: both travel directions and observation angles; rear/exhaust radiation changes waveform [P04, §§2,3,5.3]","controlled arrays and pass trajectories; reflections, diffraction, refraction and multipath discussed; separate causal contributions not fully isolated [P04, §§2,3,6.1]","controlled/varied: concrete/tarmac/sand sites; deliberate 2 cm bump strongly affects seismic excitation [P04, §§2,6.2]","Author discusses wind/temperature refraction and background; independent weather control/randomization/held-out weather: unknown [P04, §§1.2,4.2]","measured/discussed: ambient noise and competing vehicles can mask targets; no randomized controlled-SNR classification trial [P04, §§4.2,5.2]","controlled: specified microphones/geophones, arrays, placement, sampling and filters; acoustic and seismic modalities must remain separate [P04, §2; Table 2]","unknown as a validated classifier property; amplitude/harmonic changes measured rather than made invariant [P04, §§4–7]","unknown; not established in the described study [P04, §§2–7]","unknown; not established in the described study [P04, §§2–7]","unknown; not established in the described study [P04, §§2–7]","unknown; not established in the described study [P04, §§2–7]","unknown; not established in the described study [P04, §§2–7]","not applicable: no train/test recognition split [P04, §§2–7]","real measurement campaigns; no train → test classifier transfer result [P04, §§2–7]","Author: acoustic pass-maxima distance exponents approximately -1.16 to -0.94 in fitted cases; not a recognition accuracy or universal propagation law [P04, §4.1]","Complex mechanisms not fully isolated given time constraints; unexplained spectral lines; multiple sources/paths; further recognition, separation and localization work required [P04, §§5.3,6,7]","Review: physical mechanisms motivate source/propagation factors, but their relative contribution to a learned synthetic-to-real gap is unknown [P04, §§1.2,5–7]","Visually checked propagation discussion, micro-units (2 and 4 µm/s, not mm/s) and harmonic figure [P04, PDF pp.5,15,20]"
"P13","1","Wu; Mendel (chapter 3)","2010","Innovations in Defence Support Systems – 1","ABVID Lit Review/pdf-ver/Innovations in Defence Support Systems – 1.pdf","ABVID Lit Review/markdown-ver/Innovations in Defence Support Systems – 1/Innovations in Defence Support Systems – 1.md","[P13, PDF title page; catalog mapping; chapter 3, §§2–6; printed pp.55–77]","Author: four-category battlefield ground-vehicle classification under feature uncertainty [P13, chapter 3, §§1,3]","Author: heavy tracked, light tracked, heavy wheeled, light wheeled; nine underlying vehicle kinds contribute to these four outputs [P13, chapter 3, §2.1; Table 1]","broad vehicle-category classification; underlying vehicle-kind rules are not nine output model classes [P13, chapter 3, §§2.1,3]","unknown; numbers of independent physical exemplars per kind and model-held-out validation not established [P13, chapter 3, §§2.1,5]","Author: ACIDS, 197 runs, nine kinds, terrains A desert, B/D arctic, C normal [P13, chapter 3, §2.1]","unknown; Army acoustic database described without public download/access conditions [P13, chapter 3, §2.1]","Author: 1 s blocks, 50% overlap, 80 CPA prototypes per run; channel energy normalization and HLA harmonics 2–12 averaged across three microphones [P13, chapter 3, §2.2; PDF pp.63–64]","Author: terrain-specific type-1/type-2 fuzzy rules and Bayesian classifier; adaptive parameter learning, Bayesian terrain combination and majority voting [P13, chapter 3, §§3–4]","Author: engine periodicity motivates HLA; specific RPM/load/throttle labels unknown [P13, chapter 3, §§2.1–2.3]","controlled/varied: approximately constant within run, 5–40 km/h across runs; randomized speed sampling unknown [P13, chapter 3, §2.1]","varied: approach/pass/recede changes SNR; CPA extraction restricts analysis; separate distance intervention unknown [P13, chapter 3, §§2.2–2.3]","moving runs; direction annotation/control unknown [P13, chapter 3, §2.1]","controlled acquisition array; moving trajectories and CPA selection; full calibrated propagation factorization unknown [P13, chapter 3, §§2.1–2.2]","varied/labelled: four terrains; terrain-specific distributions/rules, all terrains represented in training; not invariant or held-out-terrain testing [P13, chapter 3, §§2.1,2.3,5]","coarse arctic/desert/normal conditions; quantitative weather measurement/randomization unknown [P13, chapter 3, §2.1]","CPA selection favors high SNR; noise uncertainty discussed, explicit randomized noise/SNR intervention unknown [P13, chapter 3, §§2.2–2.3]","controlled: three channels, sampling about 1025 Hz and per-channel normalization; held-out sensor unknown [P13, chapter 3, §2.2]","scalar-energy normalization and harmonic indexing; uncertainty modelling, not demonstrated invariance to terrain/RPM/sensors [P13, chapter 3, §§2.2–3]","random selection of held-out runs, not random prototype splitting in the reported 200-design experiment [P13, chapter 3, §5; Fig.4]","held-out run from each terrain; no entire terrain/physical condition held out [P13, chapter 3, §5]","unknown; not established in the described study [P13, chapter 3, §§2–6; printed pp.55–77]","unknown; not established in the described study [P13, chapter 3, §§2–6; printed pp.55–77]","no independent cross-dataset experiment [P13, chapter 3, §5]","200 designs leaving one run from each terrain; pseudocode checks testing errors during parameter optimization. Independent selection-validation partition unknown [P13, chapter 3, §5; PDF p.78]","real → real ACIDS; represented terrains, held-out runs [P13, chapter 3, §5]","Author: adaptive error percentages Bayesian 14.12, type-1 5.69, type-2 3.15; conditional on this run-selection/optimization protocol [P13, chapter 3, Table 6; PDF p.79]","Precise physical/statistical models of time-varying uncertainty described as difficult; no dedicated limitations section. Independent model-exemplar validation is a review concern, not an author-acknowledged limitation [P13, chapter 3, §§1–2,6]","Review: terrain can shift features strongly, but mixed-terrain training does not demonstrate unseen-terrain robustness; testing used during optimization limits independence [P13, chapter 3, §§2.3,5]","Visually checked HLA equations, fuzzy distributions, pseudocode and result table; scope is chapter 3, not unrelated chapters of the supplied book [P13, PDF pp.63–64,77–79]"
"P11","1","Göksu","2018","Engine Speed–Independent Acoustic Signature for Vehicles","ABVID Lit Review/pdf-ver/Engine Speed–Independent Acoustic Signature for Vehicles.pdf","ABVID Lit Review/markdown-ver/Engine Speed–Independent Acoustic Signature for Vehicles/Engine Speed–Independent Acoustic Signature for Vehicles.md","[P11, PDF title page; catalog mapping; §§II–V]","Author: acoustic recognition of four vehicles across engine-speed sweeps [P11, §II]","Author: Ford Kuga 1.5 Ecoboost, Skoda Fabia 1.4, VW Passat 1.6 TDi, Ford Tourneo Courier 1.5 TDCi; one recorded car per label [P11, §II]","Review: recognition of individual recorded vehicles bearing model labels [P11, §II]","unknown; no independent physical vehicle of the same model tested [P11, §II]","Author: own four-car recordings; two RPM increase/decrease episodes, 130 training and 136 test windows of about 0.907 s [P11, §II]","unknown; no public raw-data access route established [P11, §§II,V]","Author: db4 wavelet packet decomposition, depth 5, 32 terminal nodes; norm entropy p=1.1, log-energy entropy, energy compared [P11, §III]","Author: MLP with two hidden layers (8,4 units) [P11, §IV]","controlled: RPM increases/decreases from 800 to 3000 r/min; independent load/throttle measurement unknown [P11, §II]","unknown; engine RPM is varied but translational vehicle speed is not established [P11, §II]","controlled: microphone 1 m from engine [P11, §II]","controlled: microphone at left side of engine; varied viewpoint unknown [P11, §II]","fixed nearby microphone placement; room/ground/reflection geometry unknown [P11, §II]","unknown; not established in the described study [P11, §§II–V]","unknown; not established in the described study [P11, §§II–V]","unknown; not established in the described study [P11, §§II–V]","controlled recording chain at 44.1 kHz; microphone/recorder model and response unknown [P11, §II]","Author claims engine-speed-independent signature. Review: supported only across repeated sweeps in the same range/settings, not unseen RPM ranges [P11, §§II–V]","no random-window split described: first RPM episode training, second testing [P11, §II]","second episode held out; RPM range and vehicle identities shared, no unseen-state-range test [P11, §II]","unknown; not established in the described study [P11, §§II–V]","unknown; not established in the described study [P11, §§II–V]","no cross-dataset evaluation [P11, §§II–IV]","first/second episodes from the recorded cars; independent tuning-validation split unknown [P11, §§II,IV]","real → real, repeated episodes of the same four cars [P11, §II]","Author: norm entropy 100%, log-energy entropy 99.26%, energy 97.79% accuracy on this selected test [P11, Table 1; §§IV–V]","Future expansion to more vehicles/heavy trucks and feature reduction [P11, §V]","Review: same cars, nearby fixed geometry and shared RPM range do not establish independent model identity or physical-distance robustness [P11, §§II,IV]","Visually checked absolute-value/squared-coefficient notation missing from Markdown [P11, PDF p.4, equations 7–9]"
"P12","2","Guo; Nixon; Damarla","2011","Improving acoustic vehicle classification by information fusion","ABVID Lit Review/pdf-ver/Improving acoustic vehicle classification by information fusion.pdf","ABVID Lit Review/markdown-ver/Improving acoustic vehicle classification by information fusion/Improving acoustic vehicle classification by information fusion.md","[P12, PDF title page; catalog mapping; §§3–7 (online 2011; journal issue 2012)]","Author: five-label acoustic vehicle classification using complementary feature decisions [P12, §6]","Author: V1,V2 tracked and V3,V4,V5 wheeled vehicle-type labels; exact make/model names unknown [P12, §6; Table 1]","Review: nominal type/recorded-label recognition; not merely binary tracked/wheeled, but independent model exemplars unknown [P12, §6]","unknown; number of independent physical vehicles per label and new-exemplar validation not established [P12, §6]","Author: US Army Research Laboratory, six circle runs per each of five vehicle labels [P12, §6]","unknown; ARL access described, no public release established [P12, §6]","Author: 1 s Hamming/FFT at 1024 Hz; 351 low-frequency bins, 21 harmonic features and mutual-information-selected key-frequency bins [P12, §§3–4,6]","Author: multiple Gaussian classifier for harmonics, polynomial SVM for key frequencies; concatenation and modified Bayesian decision fusion [P12, §§4–5]","engine/body periodic sound motivates features; measured RPM/load/throttle unknown [P12, §§3,6–7]","varied between vehicle runs, affecting run duration; authors flag velocity-dependent key-bin stability; controlled/measured exact speeds unknown [P12, §§6–7]","vehicle circles array; exact radius/distance measurement unknown [P12, §6]","varied: circular 360-degree runs [P12, §6]","controlled circular-track/array arrangement; calibrated geometry values unknown [P12, §6]","road conditions acknowledged as affecting features; experimental ground labels/control unknown [P12, §7]","unknown; not established in the described study [P12, §§3–7 (online 2011; journal issue 2012)]","exterior noise contributes selected bins; low-SNR testing left for future; prescribed noise randomization unknown [P12, §§3,7]","acoustic array recordings sampled at 1024 Hz; microphone make/response unknown [P12, §6]","harmonic and non-harmonic complementarity; explicit RPM/speed/environment invariance not established [P12, §§3–4,7]","yes at run-selection level: randomly select 3 of 6 runs per label for training, remaining 3 test, repeated 10 times [P12, §6]","held-out runs; no specific speed/environment held out as a condition [P12, §6]","unknown; not established in the described study [P12, §§3–7 (online 2011; journal issue 2012)]","unknown; not established in the described study [P12, §§3–7 (online 2011; journal issue 2012)]","no cross-dataset experiment [P12, §§6–7]","whole-run split; SVM parameters selected with two-fold training validation; physical vehicle/session independence beyond runs unknown [P12, §6]","real → real within ARL collection, separate runs [P12, §6]","Author: mean accuracy harmonic 73.44%, key-frequency 77.05%, feature fusion 77.34%, decision fusion 83.86%, modified decision fusion 84.24%; Tables 5–6 are separate comparisons [P12, Table 2; PDF p.12]","Velocity/road stability, low SNR, multiple simultaneous vehicles, and additional deployments/data require further investigation [P12, §7]","Review: selected non-harmonic bins are not measured isolated tire/aerodynamic sources; fusion gain is not evidence of domain robustness [P12, §§3,6–7]","Visually checked Tables 2–6 and preserved distinct comparison protocols [P12, PDF p.12]"
"P09","2","William; Hoffman","2011","Classification of Military Ground Vehicles Using Time Domain Harmonics’ Amplitudes","ABVID Lit Review/pdf-ver/Classification of Military Ground Vehicles Using Time Domain Harmonics’ Amplitudes.pdf","ABVID Lit Review/markdown-ver/Classification of Military Ground Vehicles Using Time Domain Harmonics’ Amplitudes/Classification of Military Ground Vehicles Using Time Domain Harmonics’ Amplitudes.md","[P09, PDF title page; catalog mapping; §§III–VI]","Author: military ground-vehicle recognition from time-domain harmonic amplitudes [P09, §V]","Author: nine recorded BVP vehicles: Leopard1, Leopard2, M48, Jaguar, Wiesel, Fuchs, Hermelin, MB1017, Unimog; VW van excluded for insufficient samples [P09, §V, footnote 5]","individual recorded-vehicle recognition; authors explicitly state one physical vehicle per class [P09, §V, footnote 5]","no independent-exemplar model-level validation [P09, §V, footnote 5]","Author: BVP 2000 Meppen; 365 runs, over 19.5 hours; energy-gated half-second events [P09, §V]","unknown; no public raw-data release established [P09, §V]","Author: least-squares amplitudes of 50 harmonic components plus event energy and strongest-component frequency (52 features); fitted frequency grid is not necessarily engine fundamental [P09, §§III–IV]","Author: feedforward neural network, 52 inputs, 40 hidden nodes, nine outputs; Rprop, temporal voting [P09, §IV]","varied operating runs from BVP; explicit RPM/load stratification unknown [P09, §V]","varied BVP speed conditions; no held-out-speed evaluation [P09, §V; Fig.8]","controlled sensor/lane positions, varying pass distance; energy feature retains range effects [P09, §V; Fig.8]","varied travel directions and observation sides [P09, §V; Fig.8]","controlled two-station geometry; station transfer changes path and viewpoint together [P09, §V; Fig.8]","concrete/sand lane conditions documented; no terrain-held-out protocol [P09, §V; Fig.8]","wind/recording conditions described; independent weather control or measurement-based classification analysis unknown [P09, §V]","energy/CFAR gate selects events; low-power harmonic signatures are difficult. Prescribed randomized noise unknown [P09, §III-A; §V]","controlled BVP recording stations; 20 kHz downsampled to 5 kHz; sensor location held out in one protocol, microphone-model-only intervention unknown [P09, §V]","Author uses harmonic fitting for compact features. Review: energy and strongest frequency retain state/range information; full RPM/gain invariance not established [P09, §§III–IV,VI]","yes: random 1/3 events train, 2/3 test, 100 Monte Carlo trials [P09, §V]","yes: separate-run train/test halves additionally evaluated; physical condition exclusion unknown [P09, §V; Table V]","yes: one recording station train, the other test; same passes and changed geometry, not independent sensor model only [P09, §V; Table V]","separate station within one site, not independent recording location [P09, §V]","no cross-dataset experiment [P09, §V]","three distinct random-event, separate-station and separate-run designs; same nine exemplars across splits [P09, §V]","real → real BVP, with different levels of grouping [P09, §V]","Author: event accuracy 90.38% random, 82.10% separate station, 82.77% separate runs; separate-run voting 89.67% [P09, Tables IV–V; PDF pp.9–10]","One physical exemplar per class; weak harmonics/light vehicles harder; Volkswagen excluded; harmonic approximation and computation tradeoffs [P09, §§V–VI]","Review: separate-run/station results are stronger than random-event results but still do not establish same-model new-exemplar recognition; class false-alarm statistic is not continuous vehicle-absence false-alarm performance [P09, §V]","Visually checked missing square root in harmonic amplitude and Tables IV–V [P09, PDF pp.3,9–10]"
"P15","2","Wieczorkowska; Kubera; Słowik; Skrzypiec","2018","Spectral features for audio based vehicle and engine classification","ABVID Lit Review/pdf-ver/Spectral features for audio based vehicle and engine classification.pdf","ABVID Lit Review/markdown-ver/Spectral features for audio based vehicle and engine classification/Spectral features for audio based vehicle and engine classification.md","[P15, PDF title page; catalog mapping; §§2–7 (online 2017)]","Author: broad road vehicle categories, multilabel/hierarchical variants, and dyno vehicle category/engine fuel classification [P15, §§2,5–6]","Author: road bus, small truck without trailer, big truck tractor/semitrailer, van, motorcycle excluding scooters, car, tractor; selected three-class subsets. Dyno car/van and diesel/gasoline (LPG grouped with gasoline) [P15, §§2,5–6]","broad category and engine-attribute classification; not exact vehicle-model recognition [P15, §§2,5–6]","independent vehicle held out for broad dyno classes; genuine model-level recognition not evaluated [P15, §§5–6]","Author: own Lublin-area roadside recordings (~1.5 h), tractors recorded in 2012 and other categories in 2015; separate nine-vehicle dynamometer recordings [P15, §2]","unknown; open-access article does not establish downloadable raw recordings [P15, §§2,7]","Author: 97 spectral descriptors including envelope, energy, F0, spectral moments, rolloff, normalized band ratios and ZCR; 330 ms non-overlapping road frames; RF feature selection [P15, §3]","Author: SVM, random forest, H2O feedforward deep networks, binary relevance and hierarchical category approaches [P15, §§4–6]","controlled/measured dyno gear/load states and OBD RPM where available; gasoline/LPG variants for one car; on-road source state uncontrolled [P15, §§2.3,5.3]","road speeds uncontrolled, similar/above 50 km/h assumed by authors, not measured; dyno selected 70–110 km/h conditions and OBD speeds where available [P15, §§2.2–2.3,5.3]","audible event interval roughly within 30 m described; exact fixed microphone-to-lane range unknown; dyno fixed acquisition arrangement [P15, §2.2]","passing vehicles recorded with stereo channels; independent held-out direction unknown [P15, §2.2]","road and garage/dyno arrangements described; not a cross-geometry transfer experiment [P15, §2]","on-road and roller-dynamometer surfaces differ; roller noise acknowledged; controlled terrain factorial unknown [P15, §§2.2–2.3]","selected good-weather daytime road recording; wet/weather robustness not established [P15, §2.2]","natural road interference and roller noise; multiple audible vehicles motivate multilabel task; explicitly ignored/excluded: background portions removed from dyno analysis; noise randomization unknown [P15, §§2.2–2.3,7; Example 2 PDF p.7]","controlled stereo acquisition at 48 kHz/24 bit; channels averaged for main features, separately used in a multiclass variant; held-out sensor unknown [P15, §2]","normalized energies/ratios reduce level dependence; explicit RPM/speed/Doppler/environment invariance unknown; Doppler handling proposed for future [P15, §3; §7]","main road three-fold split groups segments by recorded vehicle; separate three-class comparisons use random splits repeated 50 times [P15, §§5.1–5.2,6.1]","nine-fold leave-one-vehicle-out dyno evaluation for broad categories; no road → dyno transfer or held-out-speed-range test [P15, §5.3]","unknown; not established in the described study [P15, §§2–7 (online 2017)]","unknown; not established in the described study [P15, §§2–7 (online 2017)]","no independent cross-dataset transfer; road and dyno studied separately [P15, §§5–6]","grouping varies by experiment; feature selection on training folds; initial supervised band-definition examples have unknown independence from evaluation [P15, §§3.1,5–6]","real → real within road collection or within dyno collection, separate tasks [P15, §§5–6]","Author reports task-specific precision/recall/F-measures across road and dyno tasks; no single common domain-robustness score [P15, §§5–6; Tables 3–8]","Ambiguous car/van boundaries, imbalance and crowding, roller noise, need more recordings and further speed/acceleration/tire and Doppler analysis [P15, §7; §2.3]","Review: class/date coupling and differing split schemes limit pooled accuracy comparisons; held-out dyno vehicle supports broad-category transfer only [P15, §2.2; §§5–6]","Visually checked window expression and Table1 band limits; exact expression not used or silently corrected; no malformed table values used for numerical claims [P15, PDF pp.7,9]"
"P03","2","Becker; Nelus; Gauer; Rudolph; Martin","2020","AUDIO FEATURE EXTRACTION FOR VEHICLE ENGINE NOISE CLASSIFICATION","ABVID Lit Review/pdf-ver/AUDIO FEATURE EXTRACTION FOR VEHICLE ENGINE NOISE CLASSIFICATION.pdf","ABVID Lit Review/markdown-ver/AUDIO FEATURE EXTRACTION FOR VEHICLE ENGINE NOISE CLASSIFICATION/AUDIO FEATURE EXTRACTION FOR VEHICLE ENGINE NOISE CLASSIFICATION.md","[P03, PDF title page; catalog mapping; §§3–6]","Author: two binary engine-audio classifications [P03, §4.3]","Author: heavy goods vehicle above 3.5 t versus personal car below 3.5 t including vans; diesel versus petrol [P03, §4.3]","broad vehicle category and engine fuel attribute, not individual/model identity [P03, §4.3]","not evaluated; different vehicles contribute recordings but labels are broad categories [P03, §§4–5]","Author: three urban sites, different vehicle per approximately 3 s recording; YouTube diesel supplements. HGV/PC 82 per class; diesel/petrol 64 per class [P03, §4.3]","Author provides GitHub dataset/code: https://github.com/LucaBeckerICA/VehicleEngineNoiseClassification ; current repository README/dataset listing verified 2026-09-27 [P03, §1 footnote; §4.3]","Author: 16 kHz, 32 Mel bands; MFCC, PCEN, modulation MFCC and modulation PCEN comparisons [P03, §§3.1–3.5]","Author: Siamese CNN with contrastive embedding loss; similarity-based classification [P03, §§3.6–4.2]","naturally varied engine/acceleration sounds; measured RPM/load labels unknown [P03, §§1,4.3]","unknown; no quantitative controlled/measured speed protocol established [P03, §4.3]","unknown; varied urban/web acquisition but no measured range protocol established [P03, §4.3]","unknown; not established in the described study [P03, §§3–6]","campus, shopping and filling-station recordings; described as free-field; measured impulse responses/geometry unknown [P03, §4.3]","unknown; not established in the described study [P03, §§3–6]","unknown; not established in the described study [P03, §§3–6]","natural heterogeneous urban backgrounds; explicitly suppressed through PCEN; prescribed randomized background/SNR unknown [P03, §§3.2,4.3]","preprocessing fixed to 16 kHz; microphone response held-out/control unknown; supplementary web audio has unspecified acquisition chain [P03, §§3,4.3]","Author: PCEN AGC/compression addresses stationary background and loudness; same-class Siamese training targets class similarity. Physical RPM/speed/device invariance untested [P03, §§3.2–3.7]","within-dataset 65/15/20 train/validation/test allocation repeated as 20-fold experiments; exact random-selection mechanism unknown [P03, §5.1]","unknown; not established in the described study [P03, §§3–6]","unknown; not established in the described study [P03, §§3–6]","unknown; not established in the described study [P03, §§3–6]","no site-held-out or cross-dataset test despite diverse collection sources [P03, §§4.3–5.1]","one recording per vehicle described; urban sites and supplemental web data are not explicitly held out by domain [P03, §§4.3–5.1]","real → real, within assembled collection [P03, §5.1]","Author claims Mod-PCEN F-measure improvements of 5% (diesel/petrol) and 7% (HGV/PC) over next best method; precise bar values not imputed [P03, §5.2; Fig.3]","Small dataset; future larger dataset and multiclass work [P03, §6]","Review: useful modulation/noise-normalization evidence without isolated RPM, distance, microphone or location generalization tests [P03, §§4–5]","Visually checked PCEN offset outside fraction and Mod-PCEN result figure; no exact values inferred from bar height [P03, PDF pp.2,4]"
"P07","2","Chen et al.","2022","BEATs: Audio Pre-Training with Acoustic Tokenizers","ABVID Lit Review/pdf-ver/BEATs: Audio Pre-Training with Acoustic Tokenizers.pdf","ABVID Lit Review/markdown-ver/BEATs: Audio Pre-Training with Acoustic Tokenizers/BEATs: Audio Pre-Training with Acoustic Tokenizers.md","[P07, PDF title page; catalog mapping; §§3–4]","Author: general audio event classification, speech commands and emotion after audio pretraining; no dedicated vehicle-recognition task [P07, §4.1]","Author: AudioSet 527 sound-event labels; ESC-50 50 environmental classes; Speech Commands 12/35 keyword classes; IEMOCAP four emotions [P07, §4.1]","general audio semantics, not vehicle-category/individual/model recognition evidence [P07, §4.1]","unknown for vehicles; no vehicle-exemplar/model protocol [P07, §4]","Author: AudioSet-2M pretraining; balanced/unbalanced AudioSet, ESC-50, Speech Commands and IEMOCAP benchmarks [P07, §4.1]","Public benchmark/code routes cited (https://aka.ms/beats); AudioSet downloadable subset is smaller than original because some YouTube clips unavailable; unrestricted complete raw-data availability across all benchmarks unknown [P07, §4.1; §1 code link]","Author: 16 kHz waveform to 128 Mel filterbanks, 25 ms window/10 ms hop, 16×16 patches; contextual learned embeddings and semantic discrete tokens [P07, §§3,4.2]","Author: 12-layer 768-dimensional Transformer; masked token prediction with iterative tokenizer distillation; task-specific classification fine-tuning [P07, §§3–4]","unknown; not established in the described study [P07, §§3–4]","unknown; not established in the described study [P07, §§3–4]","unknown; not established in the described study [P07, §§3–4]","unknown; not established in the described study [P07, §§3–4]","unknown; not established in the described study [P07, §§3–4]","unknown; not established in the described study [P07, §§3–4]","unknown; not established in the described study [P07, §§3–4]","randomized/simulated perturbation: sampled noise and room impulse responses for ten-example tokenizer visualization; no vehicle-specific SNR benchmark [P07, §4.5]","controlled input resampling to 16 kHz; actual source devices unspecified; held-out physical sensor test unknown [P07, §§4.1–4.2]","Author seeks semantic rather than low-level detail, with RIR/noise visualization; SpecAugment/mixup fine-tuning. Review: no quantified vehicle RPM/speed/range/device invariance [P07, §§3.3,4.5]","official benchmark splits/folds; not a random vehicle-window split [P07, §§4.1–4.2]","unknown; not established in the described study [P07, §§3–4]","unknown; not established in the described study [P07, §§3–4]","unknown; not established in the described study [P07, §§3–4]","pretraining then target-task fine-tuning across audio datasets; not source-only cross-dataset vehicle classification [P07, §4]","AudioSet standard evaluation, ESC-50 five folds and other task protocols; checkpoint iter3+ uses supervised-teacher information, unlike purely self-supervised variants [P07, §4.1]","real general-audio benchmarks after real-audio pretraining/fine-tuning; perturbed audio only qualitative tokenizer analysis [P07, §4]","Author: ESC-50 accuracy 98.1%; AudioSet single-model mAP 48.6% and ensemble mAP 50.6%; distinct metrics/tasks, not vehicle-transfer results [P07, §§4.3–4.6; Tables 1,3]","Future scaling and multimodal integration; no dedicated limitation claim about vehicles (vehicle applicability unknown) [P07, §5]","Review: t-SNE examples do not measure held-out-domain recognition; pretraining scale and supervised teacher need to be preserved in checkpoint comparisons [P07, §4.5]","Visually checked merged main-results table and RIR/noise tokenizer figure [P07, PDF pp.9,11]"
"P08","2 supporting","Wu; Mendel","2007","Classification of Battlefield Ground Vehicles Using Acoustic Features and Fuzzy Logic Rule-Based Classifiers","ABVID Lit Review/pdf-ver/Classification of Battlefield Ground Vehicles Using Acoustic Features and Fuzzy Logic Rule-Based Classifiers.pdf","ABVID Lit Review/markdown-ver/Classification of Battlefield Ground Vehicles Using Acoustic Features and Fuzzy Logic Rule-Based Classifiers/Classification of Battlefield Ground Vehicles Using Acoustic Features and Fuzzy Logic Rule-Based Classifiers.md","[P08, PDF title page; catalog mapping; §§III–VII]","Author: four-category battlefield vehicle classification; nonhierarchical and hierarchical fuzzy classifiers [P08, §§I,IV–V]","Author: heavy tracked (kinds 1,2,8,9), light tracked (4), heavy wheeled (3,5), light wheeled (6,7); nine underlying kinds, four output classes [P08, §III; Table II, PDF p.3]","broad category classification, not exact vehicle-model recognition [P08, §§III–V]","unknown; independent same-model physical exemplars not established [P08, §III]","Author: normal-environment ACIDS subset, 89 runs from nine vehicle kinds [P08, §III-A]","unknown; no public raw-data access route established [P08, §III-A]","Author: 80 CPA one-second prototypes/run, 50% overlap, HLA harmonics 2–12; non-CPA blocks selected by energy/noise threshold [P08, §III-C]","Author: Bayesian, type-1 and interval type-2 fuzzy classifiers; parallel/series hierarchies and temporal voting [P08, §§IV–V]","harmonic engine mechanism assumed; measured RPM/load/throttle unknown [P08, §III]","controlled/varied runs at 5–40 km/h, approximately constant per run [P08, §III-A]","CPA versus non-CPA energy-selected blocks vary range/SNR; isolated distance holdout unknown [P08, §III-C]","unknown; not established in the described study [P08, §§III–VII]","controlled three-microphone triangular array, 38.1 cm side, moving passes [P08, §III-A]","restricted to normal-environment ACIDS subset; unseen terrain not evaluated [P08, §III-A]","normal-environment descriptor; quantitative weather control/measurement unknown [P08, §III-A]","measured from initial block, non-CPA selection requires energy above noise threshold (8 dB); randomized noise unknown [P08, §III-C]","controlled three microphones at 1025.641 Hz; no held-out sensor protocol [P08, §III-A]","harmonic features and fuzzy uncertainty tolerate variability; specific physical-factor invariance unknown [P08, §§III–V]","yes: random prototype ten-fold evaluation, plus distinct run-grouped experiments [P08, §VI]","leave one tracked plus one wheeled run out, 200 designs; train CPA/test non-CPA also changes range/SNR selection [P08, §VI]","unknown; not established in the described study [P08, §§III–VII]","unknown; not established in the described study [P08, §§III–VII]","no independent cross-dataset test [P08, §VI]","random-prototype and leave-two-runs-out protocols; testing errors used to retain best optimization parameters; independent validation unknown [P08, §VI pseudocode, PDF pp.10–13]","real → real ACIDS normal terrain, CPA/non-CPA and run protocols [P08, §VI]","Author: adaptive interval type-2 series classifier mean error 6.2602% in reported leave-two-runs-out comparison; not independent terrain/model transfer [P08, §VI; Table VII]","Type-2 gains modest; when extra complexity improves generalizability/robustness and how to quantify uncertainty remain open [P08, §VII]","Review: test-informed optimization and random prototypes complicate generalization; hierarchy concerns broad categories only [P08, §VI]","Visually checked vehicle-kind table and protocols/results; unrelated differential-equation prose inserted by Markdown on p.9 was discarded [P08, PDF pp.3,9–10,12–13]"
"P10","2 supporting","Wu; Mendel","2003","Classifier designs for binary classifications of ground vehicles","ABVID Lit Review/pdf-ver/Classifier designs for binary classifications of ground vehicles.pdf","ABVID Lit Review/markdown-ver/Classifier designs for binary classifications of ground vehicles/Classifier designs for binary classifications of ground vehicles.md","[P10, PDF title page; catalog mapping; §§2–5]","Author: three binary ground-vehicle classification problems [P10, §1]","Author: tracked/wheeled; heavy/light tracked; heavy/light wheeled; nine underlying vehicle kinds [P10, §1]","broad vehicle-category classification [P10, §1]","unknown; no independent-exemplar vehicle-model classification protocol [P10, §§2,4]","Author: normal-environment ACIDS, 115 recordings from 89 runs; duplicate station recordings reduced to one per run; 51 blind sponsor-scored runs also reported [P10, §2.1]","unknown; sponsor access does not establish public raw-data release [P10, §§2.1,4]","Author: one-second HLA harmonic magnitudes 2–12 and within-/between-run distributions [P10, §§2.2–2.3]","Author: Bayesian and type-1/type-2 fuzzy rule-based binary classifiers [P10, §3]","engine periodicity motivates HLA; measured RPM/load/throttle unknown [P10, §§1–2]","controlled/varied: approximately constant runs, 5–40 km/h [P10, §2.1]","controlled geometry: closest approach about 25–100 m [P10, §2.1]","unknown; not established in the described study [P10, §§2–5]","controlled three-microphone equilateral triangle with 38.1 cm sides; one station retained per run when both available [P10, §2.1]","normal environmental conditions only; multiterrain extension future [P10, §2.1]","unknown; not established in the described study [P10, §§2–5]","uncertainties/SNR described; explicit randomized noise intervention unknown [P10, §§1–2]","controlled: three microphones, 11-bit acquisition, 25 Hz high-pass/400 Hz low-pass, 1025.641 Hz sampling [P10, §2.1, PDF p.2]","fuzzy uncertainty models, not demonstrated invariance to a specified physical transformation [P10, §§2–3]","no primary random-window protocol: leave-one-run-out designs [P10, §4]","leave-one-run-out (89/61/28 designs by binary task); held-out physical condition not established [P10, §4]","unknown; not established in the described study [P10, §§2–5]","unknown; not established in the described study [P10, §§2–5]","51 blind sponsor-scored runs; their dataset/location/sensor relation to training unknown, so cross-domain status unknown [P10, §4]","leave-one-run-out; test errors inspected during parameter optimization/early stopping; blind sponsor results separate from development selection [P10, §4, PDF p.10]","real → real; development ACIDS normal subset, blind-test provenance details unknown [P10, §4]","Author: tracked/wheeled type-2 classifier tested in different CPA/non-CPA and adaptive/non-adaptive modes on51 blind runs; best reported error2/51,worst4/51; condition composition unknown [P10, §4]","Future multicategory and multiterrain work; additional complexity gives limited improvements in some comparisons [P10, §5]","Review: blind results provide useful independent scoring but cannot be called held-out location/sensor/model without provenance; development testing participates in model selection [P10, §4]","Visually checked acquisition and test-based stopping; text extraction glyphs unreliable; bibliographic year corroborated by author bibliography [P10, PDF pp.2,10]"
"P16","3","Gharib; Drossos; Çakır; Serdyuk; Virtanen","2018","Unsupervised adversarial domain adaptation for acoustic scene classification","ABVID Lit Review/pdf-ver/Unsupervised adversarial domain adaptation for acoustic scene classification.pdf","ABVID Lit Review/markdown-ver/Unsupervised adversarial domain adaptation for acoustic scene classification/Unsupervised adversarial domain adaptation for acoustic scene classification.md","[P16, PDF title page; catalog mapping; §§2–5]","Author: acoustic scene classification across mismatched recording devices [P16, §§1–2]","Author: ten scene labels: airport,bus,metro,metro station,park,public square,shopping mall,street pedestrian,street traffic,tram; bus/tram are scenes, not vehicle-model labels [P16, §2; Fig.2, PDF p.4]","acoustic scenes, not vehicle category/individual/model recognition [P16, §§1–2]","not evaluated [P16, §§2–4]","Author: DCASE2018 Task1B multi-device development data; A 24 h, B/C 2 h each [P16, §3.1]","Author: freely available DCASE dataset; code https://github.com/shayangharib/AUDASC [P16, §§1,3.1]","Author: 64 log-Mel bands, 2048-sample Hamming window, 50% overlap [P16, §3.1]","Author: five-convolution Kaggle CNN or two-convolution DCASE CNN, untied source/target networks with adversarial distribution matching and source-label loss [P16, §§2,3.2]","unknown for physical vehicles; scenes contain multiple source types [P16, §§2–3]","unknown; not established in the described study [P16, §§2–5]","unknown; not established in the described study [P16, §§2–5]","unknown; not established in the described study [P16, §§2–5]","unknown; not established in the described study [P16, §§2–5]","unknown; not established in the described study [P16, §§2–5]","unknown; not established in the described study [P16, §§2–5]","unknown; not established in the described study [P16, §§2–5]","controlled/labelled device domain: A binaural recorder at 48 kHz/24 bit, downsampled/mono matched to consumer devices B/C; unlabelled B/C training data used for adaptation [P16, §3.1]","explicitly targeted: learned device-domain indistinguishability while maintaining scene discrimination; physical-factor invariance beyond device domains unknown [P16, §2]","randomly hold 10% of original training partition for validation; original DCASE development validation is test [P16, §3.1]","unknown; not established in the described study [P16, §§2–5]","yes for source-only baseline A → B/C; adaptation sees unlabelled B/C training audio, so devices are not entirely held out from adapted training [P16, §3.1]","unknown; not established in the described study [P16, §§2–5]","real source-device → real target-device transfer within DCASE; no cross-dataset vehicle test [P16, §§3–4]","train A5510/B486/C486; validation A612/B54/C54; test A2518/B180/C180; scene labels unavailable to target adaptation; exact validation-label usage for tuning not fully specified [P16, §3.1]","real → real acoustic scenes, cross-device with/without unlabelled target adaptation [P16, §§3–4]","Author: target accuracy Kaggle20.28→31.67%, DCASE19.17→25.28%; source65.25→65.37% and61.71→61.23% [P16, Table 1, PDF p.4]","Original adaptation without label-classifier learning signal worsened performance; other GAN losses and sound-event detection remain future work [P16, §2; §5]","Review: isolates device-domain adaptation better than multi-factor dataset transfer; source-label objective matters; effect on fine-grained vehicle recognition unknown [P16, §§2–3]","Visually checked equations, malformed Table1 header and ten scene labels; repeated airport in source prose is not an extra class [P16, PDF pp.2,4]"
"P14","3","Ronchini; Comanducci; Antonacci","2024","SYNTHETIC TRAINING SET GENERATION USING TEXT-TO-AUDIO MODELS FOR ENVIRONMENTAL SOUND CLASSIFICATION","ABVID Lit Review/pdf-ver/SYNTHETIC TRAINING SET GENERATION USING TEXT-TO-AUDIO MODELS FOR ENVIRONMENTAL SOUND CLASSIFICATION.pdf","ABVID Lit Review/markdown-ver/SYNTHETIC TRAINING SET GENERATION USING TEXT-TO-AUDIO MODELS FOR ENVIRONMENTAL SOUND CLASSIFICATION/SYNTHETIC TRAINING SET GENERATION USING TEXT-TO-AUDIO MODELS FOR ENVIRONMENTAL SOUND CLASSIFICATION.md","[P14, PDF title page; catalog mapping; §§2–5]","Author: environmental sound classification with generated training data [P14, §§1–2]","Author: UrbanSound8K air conditioner,car horn,children playing,dog bark,drilling,engine idling,gun shot,jackhammer,siren,street music; events, not vehicle types [P14, §2.2; Fig.1, PDF p.2]","environmental event classes; no individual/model vehicle recognition [P14, §2.2]","not evaluated [P14, §§2–3]","Author: UrbanSound8K 8732 clips, ten folds; four generated counterparts using AudioGen/AudioLDM2 and two prompt templates [P14, §2.2]","Author: benchmark US8K; samples/code https://ronfrancesca.github.io/Text-to-Audio-ESC/ ; complete generated-corpus availability unknown from paper [P14, §1 footnote; §2.2]","Author: 16 kHz, 64 log-Mel bands, 3 s TF patches; repeat-pad short clips to 4 s [P14, §2.4]","Author: three-convolution CNN and seven-block CRNN with bidirectional GRU [P14, §2.4]","semantically specified engine-idling/event prompts; quantitative engine RPM/load control unknown [P14, §§2.2–2.3]","randomized signal-processing time-stretch baseline, not measured physical vehicle speed [P14, §3.1]","unknown; not established in the described study [P14, §§2–5]","unknown; not established in the described study [P14, §§2–5]","urban-context prompts; calibrated propagation geometry unknown [P14, §2.3]","unknown; not established in the described study [P14, §§2–5]","unknown; not established in the described study [P14, §§2–5]","urban-context/clear/negative quality prompts; no measured background SNR control established [P14, §2.3]","controlled resampling to 16 kHz; actual/generative sensor response unknown [P14, §2.4]","diversity/augmentation and pitch/time-transform baselines; no explicit physical-factor invariant representation objective [P14, §§2–3]","real official folds; generated samples randomly assigned matching folds; exact fold rotation ambiguous (10 folds described, 9-fold CV stated) [P14, §§2.2,3]","unknown; not established in the described study [P14, §§2–5]","unknown; not established in the described study [P14, §§2–5]","unknown; not established in the described study [P14, §§2–5]","yes synthetic → real US8K; augmentation/replacement also tested, not cross-real-dataset vehicle transfer [P14, §3.2]","five repeated experiments; real folds preserved as described but exact validation/fold scheduling unknown; pretrained-generator overlap with benchmark sources not audited [P14, §§2.2,3]","real → real; synthetic → real; real + synthetic → real environmental audio [P14, §3]","Author: CNN real64.68%, best listed synthetic-only46.04%, best listed augmented69.64% accuracy; synthetic-only remains lower; more synthetic audio lacks universal monotonic gain [P14, Tables1–2, PDF pp.2–3]","Handcrafted prompts; class-dependent generation quality; complete cause analysis out of scope; synthetic-only insufficient in tested setting; more prompt/fine-tuning/adaptation work [P14, §§2.3,3–5]","Review: prompt semantics do not establish calibrated physical diversity; generation and encoder pretraining exposures need provenance audits [P14, §§2–4]","Visually checked tables and fold-language inconsistency; no plot values inferred [P14, PDF pp.2–3]"
"P02","3","Khan; Ryzhikov; Kolehmainen","2026","AI4TEN: Synthetic-to-Real Transfer for Acoustic Vehicle Classification Using Physics-Based and AI-Generated Training Data","ABVID Lit Review/pdf-ver/AI4TEN: Synthetic-to-Real Transfer for Acoustic Vehicle Classification Using Physics-Based and AI-Generated Training Data.pdf","ABVID Lit Review/markdown-ver/AI4TEN: Synthetic-to-Real Transfer for Acoustic Vehicle Classification Using Physics-Based and AI-Generated Training Data/AI4TEN: Synthetic-to-Real Transfer for Acoustic Vehicle Classification Using Physics-Based and AI-Generated Training Data.md","[P02, PDF title page; catalog mapping; §§2–5]","Author: single-vehicle civilian pass-by category classification; exploratory dominant-class congestion stress test [P02, §2.1]","Author: car,truck,motorcycle; congestion class is greatest temporal overlap within window, not necessarily highest-energy source [P02, §§2.1,2.5]","broad vehicle categories, not model/type-level recognition [P02, §2.1]","not evaluated; one procedural engine configuration per category is not a model-recognition label [P02, §§2–4]","Author: KVSD1006 train; DATASEC217+MAVD802 test; procedural150000 generated,15000 used in main training; AudioLDM601 [P02, §2.1; Table1]","Author claims data/code/models at https://doi.org/10.5281/zenodo.21264250 ; original licenses apply. Current archive accessibility unknown: DOI/record retrieval failed in review on 2026-09-27, not proof of non-public status [P02, Data Availability Statement]","Author: 22.05 kHz mono 5 s; 40 MFCC + first/second deltas,128 Mel bands; scaler fitted on real KVSD for every configuration [P02, §2.3]","Author: three-block CNN (~161K parameters); same classifier across training-data comparisons [P02, §2.4]","controlled class templates: car four-cylinder,truck six-cylinder diesel,motorcycle one/two-cylinder; speed-dependent rolling noise. Authors acknowledge missing jitter/modulation/turbulence and engine diversity; exact RPM randomization unknown [P02, §2.2.1; §3.3]","randomized procedural 30–130 km/h; AI prompts vary qualitative speed, actual generated speed unknown; real speed metadata unknown [P02, §2.2]","randomized procedural 5–50 m; real/AI physical-distance measurement unknown [P02, §2.2.1]","moving-source pass-bys and qualitative recording-perspective prompts; procedural direction-randomization distribution unknown [P02, §2.2; Appendix B]","controlled simulated moving source/stationary mic with Doppler,spherical spreading,atmospheric absorption,ground reflection; mechanism ablations unknown [P02, §2.2.1]","CNOSSOS-EU rolling coefficients/ground reflection and qualitative road-surface prompts; randomized ground-property distribution unknown [P02, §2.2]","atmospheric absorption included; randomized/measured weather conditions unknown [P02, §2.2]","randomized procedural SNR (range unknown); congestion mixtures random starts/levels ±3 dB plus Gaussian noise0.02; original background recording holdout unknown [P02, §§2.2.1,2.5]","datasets differ in microphones; standardized22.05 kHz mono; AudioLDM originally16 kHz. Randomized microphone response unknown [P02, §§2.1–2.3]","diversified waveforms and SpecAugment baseline; no explicit domain-invariant embedding objective [P02, §§2.2–2.3]","15% stratified training validation; original-source/session grouping unknown [P02, §2.4]","cross-dataset conditions bundled; congestion held-out scene mixtures include some training recordings [P02, §§2.5,3.4]","sensors differ across datasets, bundled with other shifts; no isolated sensor-held-out intervention [P02, §2.1]","yes at dataset/geographic source level; not an isolated location-only test [P02, §2.1]","yes KVSD/synthetic/mixed → DATASEC+MAVD; congestion stress test is weaker and partly overlapping [P02, §§2.1,2.5]","five training seeds, balanced75/class and full1019 test; source scaler real-fitted even for synthetic-only; matched200/class comparison uses unbalanced real data unlike main augmented regime [P02, §§2.3–2.5]","real → real; synthetic → real; real + synthetic → real; separate artificial real-recording-mixture diagnostic [P02, §2.5]","Author: balanced-subsample macro-F1 real0.25,AudioLDM0.22,procedural0.19,bothsynthetic0.35,real+both0.39; matched200/class synthetic0.20/0.18 and real+synthetic0.24/0.29 for AudioLDM/procedural [P02, Tables4–5, PDF pp.8,11]","One train/test direction, simple CNN,three classes,unfine-tuned AudioLDM,bandwidth limits,balancing dependency,handcrafted similarity metrics,artificial overlapping scenes and single-label assumption; congestion uses training recordings [P02, §4; §3.4]","Review: no source-versus-propagation attribution; reported synthetic-only uses real statistics; closer average spectra not sufficient; Figure5 caption balanced conflicts with full-test row counts; original-source independence across compiled datasets not proven by names alone [P02, §§2.2–2.5,3.3; Fig.5]","Visually checked merged Tables3–6; Figure5 rows703/75/241 establish caption/count inconsistency, no correction imputed [P02, PDF pp.8,11,13]"
"P01","3","Khan","2026","AI4TEN: Fine-Tuning Pre-Trained Audio Transformers (BEATs, AST) for Cross-Dataset Acoustic Vehicle Classification with Domain Adaptation","ABVID Lit Review/pdf-ver/AI4TEN: Fine-Tuning Pre-Trained Audio Transformers (BEATs, AST) for Cross-Dataset Acoustic Vehicle Classification with Domain Adaptation .pdf","ABVID Lit Review/markdown-ver/AI4TEN: Fine-Tuning Pre-Trained Audio Transformers (BEATs, AST) for Cross-Dataset Acoustic Vehicle Classification with Domain Adaptation /AI4TEN: Fine-Tuning Pre-Trained Audio Transformers (BEATs, AST) for Cross-Dataset Acoustic Vehicle Classification with Domain Adaptation .md","[P01, PDF title page; catalog mapping; §§2–5]","Author: cross-dataset civilian vehicle/background classification and paired microphone robustness [P01, §2.1]","Author: car,truck,motorcycle,bus,background(no vehicle); tram/bicycle excluded from target [P01, §2.1]","broad vehicle categories plus vehicle-absent background, not model identity [P01, §2.1]","not evaluated [P01, §2]","Author: IDMT-Traffic CH12 train8718, CH34 mic test8788; MELAUDIS five-class target14663; derivative counts are paper claims [P01, §2.1; Table1]","Author claims archive https://doi.org/10.5281/zenodo.22203993 ; raw IDMT/MELAUDIS public. Current derivative archive accessibility unknown after failed retrieval2026-09-27; primary raw-release metadata independently checked [P01, Data Availability Statement]","Author: CNN MFCC40+delta+delta2 at22.05kHz; BEATs/AST internal16kHz Mel-based features and768D embeddings [P01, §§2.2,2.4]","Author: CNN, BEATs iter3+ and AST two-phase head/full fine-tuning; frozen-BEATs256D projection with DANN or ArcFace [P01, §§2.2–2.3]","naturally varying fleets; measured RPM/load/source configuration unknown [P01, §2.1]","IDMT30/50/70km/h speed-limit areas described; actual per-vehicle speed measurement/control unknown [P01, §2.1]","roadside recordings across sites; per-event measured distance and distance holdout unknown [P01, §2.1]","pass-bys; no direction-controlled experiment established in this paper [P01, §2.1]","four German sites versus Australian locations; different geometry bundled with fleet/environment/sensor differences [P01, §§2.1,2.5]","varied dry/wet road conditions in IDMT; road-surface changes discussed, no factorial surface intervention [P01, §2.1]","dry/wet conditions described; quantitative meteorological measurement/randomization unknown [P01, §2.1]","background is an explicit class; naturally varying scenes, no synthetic augmentation/noise randomization applied [P01, §§2.1,2.4]","controlled paired IDMT MEMS ICS-43434(CH12) and sE8(CH34); same events cross microphones; mono channel averaging; 246 motorcycle SE files reassigned by mic type despite CH12 name [P01, §§2.1,2.5]","DANN explicitly targets dataset-domain indistinguishability of projected frozen-BEATs features; ArcFace improves source class separation without target audio; no demonstrated RPM/speed invariance [P01, §2.3]","15% stratified training validation; grouping by source event/session unknown [P01, §2.4]","cross-dataset bundled conditions; no isolated physical-condition holdout [P01, §2.5]","yes CH12→CH34, but same vehicle events as training; independent-session sensor robustness not established [P01, §2.5]","cross-country dataset locations differ; no isolated within-dataset leave-location-out result [P01, §§2.1,2.5]","yes IDMT→MELAUDIS; DANN sees unlabelled MELAUDIS during adaptation, unlike source-only baselines/ArcFace [P01, §§2.3–2.5]","CNN5 training seeds; transformers one training per phase,5 evaluation-subsampling seeds;50/class balanced test; DANN adaptation/evaluation separation unknown [P01, §§2.3–2.5]","real → real cross-dataset; DANN labelled source + unlabelled target → target; separate same-event cross-microphone test [P01, §2.5]","Author: MELAUDIS macro-F1 CNN0.26,AST0.43,BEATs0.46,DANN0.31,ArcFace0.50; CH34 respectively0.52,0.62,0.75,0.80,0.73 [P01, Table3, PDF p.10]","Extreme imbalance(53 bus),pretraining coverage dependence,one train/test direction,rapid unfreezing overfit,frozen adaptation backbone,only two adaptation methods,clip-only task,no latency/compute evaluation [P01, §4]","Review: same-event mic versus new-event cross-dataset comparison cannot causally rank environment/source/sensor contributions; frozen-head/full-fine-tuning comparisons need matched controls; iter3+ supervised teacher invalidates clean self-supervised-versus-supervised attribution; DANN is exception to claimed target exclusion [P01, §§2.1–2.5,3.3–3.4; P07 §4.3]","Visually checked checkpoint/pretraining description, malformed Table3 and per-class figure; authors’ mechanistic explanations kept separate from measured outcomes [P01, PDF pp.6,10–11]"
"P06","3 supporting","Liu et al.","2023","AudioLDM: Text-to-Audio Generation with Latent Diffusion Models","ABVID Lit Review/pdf-ver/AudioLDM: Text-to-Audio Generation with Latent Diffusion Models.pdf","ABVID Lit Review/markdown-ver/AudioLDM: Text-to-Audio Generation with Latent Diffusion Models/AudioLDM: Text-to-Audio Generation with Latent Diffusion Models.md","[P06, PDF title page; catalog mapping; §§3–6; Appendices E–I]","Author: text-to-audio generation and zero-shot manipulation, not a trained vehicle classifier [P06, §§1,5]","free-text captions, AudioSet527 event labels used as prompts, AudioCaps captions; no fixed vehicle-class prediction task [P06, §5]","not applicable: general audio generation; no vehicle category/individual/model recognition evaluation [P06, §5]","not evaluated [P06, §5]","Author: AudioCaps,AudioSet,Freesound,BBC sound effects for training; AudioCaps/AudioSet evaluation; VCTK for speech super-resolution [P06, §5; Appendix E]","Author cites public datasets/sites and releases implementation/evaluation/vocoder; complete unencumbered redistribution of crawled training pool unknown; individual source licenses/access apply [P06, §5; Appendix D]","Author: CLAP audio/text embeddings,64-band Mel spectrogram,compressed VAE latents; 16kHz mono waveform via HiFi-GAN [P06, §3; Appendices C–D]","Author: latent-diffusion UNet, CLAP,VAE,HiFi-GAN; PANNs/VGGish used for evaluation metrics, not downstream vehicle classifiers [P06, §3; §5]","qualitative text control of pitch/material/events; vehicle engine RPM/load fidelity unknown [P06, Appendix I]","unknown; not established in the described study [P06, §§3–6; Appendices E–I]","unknown; not established in the described study [P06, §§3–6; Appendices E–I]","unknown; not established in the described study [P06, §§3–6; Appendices E–I]","controlled text prompts and common seed demonstrate small/large room/studio effects; calibrated impulse-response/geometry accuracy unknown [P06, Appendix I, Fig.15]","unknown; not established in the described study [P06, §§3–6; Appendices E–I]","unknown; not established in the described study [P06, §§3–6; Appendices E–I]","randomized audio mixup beta(5,5); qualitative prompt control of background; no physical vehicle SNR validation [P06, §3.3; Appendix I]","controlled16kHz mono generation; authors acknowledge bandwidth limit; actual sensor-response control unknown [P06, Appendices D–E,H]","not applicable as a vehicle-recognition invariance objective; semantic conditioning and manipulation, with no physical identity guarantee [P06, §§3–5]","AudioCaps test and randomly selected10% AudioSet evaluation; random caption choice; original-source grouping/overlap audit unknown [P06, §5]","unknown; not established in the described study [P06, §§3–6; Appendices E–I]","unknown; not established in the described study [P06, §§3–6; Appendices E–I]","unknown; not established in the described study [P06, §§3–6; Appendices E–I]","VCTK zero-shot manipulation transfer; not synthetic-trained vehicle recognition on real targets [P06, §5.1]","pretrain on multiple real-audio sources, optional AudioCaps fine-tuning; generation evaluated on AudioCaps/AudioSet. Appendix F wording ambiguous, not proof of evaluation-set training [P06, §5; Appendices E–F]","generated audio compared to real-audio distributions/ratings; audio manipulation on real inputs [P06, §5]","Author: AudioLDM-L-Full AudioCaps FD23.31 and FAD1.96; these are generation metrics, not vehicle recognition/generalization accuracy [P06, Table1, PDF p.6]","Noise can impair super-resolution; limited batch compute; benchmark metric/distribution mismatch;16kHz fidelity; separately trained module alignment; misuse concerns [P06, §5.1; Appendices E,F,H]","Review: generated waveform can contain learned propagation/environment/sensor traces; treating it as a dry vehicle source requires new validation [P06, §§3–5; Appendix I]","Visually checked malformed equations/inpainting superscripts and merged generation/ablation tables; no inferred missing values [P06, PDF pp.3,5–6,8]"
