"experiment_id","stage","dependency","mode","protocol_id","status","domain","train_dataset","validation_dataset","development_test_dataset","final_test_dataset","classes","class_mapping","preprocessing","segmentation","sample_rate_hz","information_bandwidth_hz","window_seconds","representation","checkpoint","classifier","frozen_components","trainable_components","hyperparameter_selection","augmentation","source_level","propagation_level","environment_sensor","split_seed","replicate_seeds","bootstrap_seed","primary_metric","secondary_metrics","confidence_intervals","contrast","hardware","runtime_min_hours","runtime_max_hours","runtime_basis","expected_artifacts","falsification_criterion","target_leakage_control","data_readiness","references"
"R0","historical_reproduction","Original paper-specific settings and limitations in R0 result ledger; not H1 common settings","checkpoint_replay","R0_20260929","Completed checkpoint audit: 17/18 matrices match; one ArcFace/CH34 residual; retraining not reproduced","original_paper_domains","Historical released references only; no fit","Historical membership partly unknown; no new selection","Original paper arrays and documented balanced/full selections","none; exposed development only; T_confirm not materialized","P01 original five; P02 original three","Original paper-specific settings and limitations in R0 result ledger; not H1 common settings","Original paper-specific replay; not common H1 preprocessing","Original paper-specific settings and limitations in R0 result ledger; not H1 common settings","Original paper-specific settings and limitations in R0 result ledger; not H1 common settings","Original paper-specific settings and limitations in R0 result ledger; not H1 common settings","Original paper-specific settings and limitations in R0 result ledger; not H1 common settings","Released original models","Original paper-specific settings and limitations in R0 result ledger; not H1 common settings","Original released heads","Original paper-specific settings and limitations in R0 result ledger; not H1 common settings","none","none","Original paper-specific settings and limitations in R0 result ledger; not H1 common settings","Original paper-specific settings and limitations in R0 result ledger; not H1 common settings","Original paper-specific settings and limitations in R0 result ledger; not H1 common settings","Original paper-specific settings and limitations in R0 result ledger; not H1 common settings","Original paper-specific settings and limitations in R0 result ledger; not H1 common settings","Original paper-specific settings and limitations in R0 result ledger; not H1 common settings","Original paper-specific settings and limitations in R0 result ledger; not H1 common settings","Original paper-specific settings and limitations in R0 result ledger; not H1 common settings","Original paper-specific settings and limitations in R0 result ledger; not H1 common settings","Original paper-specific settings and limitations in R0 result ledger; not H1 common settings","Archived checkpoint metrics versus replay","Original paper-specific settings and limitations in R0 result ledger; not H1 common settings","Original paper-specific settings and limitations in R0 result ledger; not H1 common settings","Original paper-specific settings and limitations in R0 result ledger; not H1 common settings","Already executed; exact timings in R0 artifacts","Original paper-specific settings and limitations in R0 result ledger; not H1 common settings","Exact archived confusion-matrix comparison; failures retained","Original paper-specific settings and limitations in R0 result ledger; not H1 common settings","Original paper-specific settings and limitations in R0 result ledger; not H1 common settings","../reports/published_reproduction_status.md; reproduction/results/R0_20260929/R0_result_ledger.json"
"E0","H1","R0 disposition and qualified admission v1.3.1; freeze before fitting","fit_evaluate","h1_common_budget_v1.3","Completed minimum H1 2026-10-02; 260 verified fixed heads across BEATs/MFCC; development results","real_to_real","I_train(f,r):190/class selected from five of six IDMT groups; exact IDs in lock","none; fixed settings, no tuning or early stopping","I_test(f):all files in sixth IDMT group; six folds","none; exposed development only; T_confirm not materialized","car;truck","car=0,truck=1; IDMT C/T, MELAUDIS FF and exact 1V-Car/1V-Truck, matching synthetic folder/filename; motorcycle and other labels excluded","Mean actual channels; IDMT only SE_CH34. Float64 resample_poly native->8000->16000 Kaiser beta5; no gain normalization; own training-only StandardScaler","One center 32000-sample crop after resampling; no padding; no additional windows","16000","4000","2","Official frozen BEATs768; paired MFCC26 control via E3","BEATs_iter3_plus_AS2M.pt SHA256 d43cbfad4d7b56381c061d7a24774f908d4d94c72961f6eb1d9090ff18cd8d34","L2 LogisticRegression C1 lbfgs tol1e-6 max_iter5000; intercept; no class weights; argmax","encoder; observation preprocessing; MFCC transform; hyperparameters","arm-specific training StandardScaler and logistic weights/intercept","none","none","not_applicable_released_bank_or_real","not_applicable_no_new_simulator","observed released audio; no new transformations","no random fold assignment; sorted complete connected groups","42;123;456;789;1024","314159","macro-F1; mean held-out-fold scores within domain; mean fold-model target scores cross-domain","balanced accuracy; accuracy; per-class precision/recall/F1; confusion; Brier; log loss; per-group/worst recall; pooled OOF","95% paired percentile; 10000 whole-group/selection draws; conditional on fixed fits; four uneven target groups; no independent clip bootstrap","Within-IDMT held-out acquisition-group baseline","Apple M3 Pro 18 GiB; CPU4 Torch/1 BLAS; batch8; no GPU/cloud","0.02","0.17","Estimated head fitting/scoring share after shared 10-25min BEATs and 1-5min MFCC caches; measured timings in results","h1/frozen/.../lock.json; cache/ordered IDs; fitted scaler/head; probabilities; per-fit/group scores; bootstrap; code/environment hashes; h1/results/H1_20261002/summary.json and verification.json","Report absolute and per-group classification against constant controls; weak source baseline limits gap inference","No target fit/statistics/tuning; no post-score exclusions; group/hash separation checks; previously exposed M_dev identified","Qualified H1 admission; original physical-source IDs and synthetic lineage unknown; conservative grouping","EXPERIMENTAL_PROTOCOL.md; DATASET_PROTOCOL.md; reports/proposed_experiments.md; h1/config.json; ../reports/H1_baseline_results.md"
"E1","H1","R0 disposition and qualified admission v1.3.1; freeze before fitting","evaluate_existing","h1_common_budget_v1.3","Completed minimum H1 2026-10-02; 260 verified fixed heads across BEATs/MFCC; development results","real_to_real","Exact E0 scaler/head for every fold/seed; no refit","none; fixed settings, no tuning or early stopping","MELAUDIS_V1 M_dev: all 7810 car + 256 truck in four conservative connected groups; lock.json exact IDs","none; exposed development only; T_confirm not materialized","car;truck","car=0,truck=1; IDMT C/T, MELAUDIS FF and exact 1V-Car/1V-Truck, matching synthetic folder/filename; motorcycle and other labels excluded","Mean actual channels; IDMT only SE_CH34. Float64 resample_poly native->8000->16000 Kaiser beta5; no gain normalization; own training-only StandardScaler","One center 32000-sample crop after resampling; no padding; no additional windows","16000","4000","2","Official frozen BEATs768; paired MFCC26 control via E3","BEATs_iter3_plus_AS2M.pt SHA256 d43cbfad4d7b56381c061d7a24774f908d4d94c72961f6eb1d9090ff18cd8d34","L2 LogisticRegression C1 lbfgs tol1e-6 max_iter5000; intercept; no class weights; argmax","encoder; observation preprocessing; MFCC transform; hyperparameters","arm-specific training StandardScaler and logistic weights/intercept","none","none","not_applicable_released_bank_or_real","not_applicable_no_new_simulator","observed released audio; no new transformations","no random fold assignment; sorted complete connected groups","42;123;456;789;1024","314159","macro-F1; mean held-out-fold scores within domain; mean fold-model target scores cross-domain","balanced accuracy; accuracy; per-class precision/recall/F1; confusion; Brier; log loss; per-group/worst recall; pooled OOF","95% paired percentile; 10000 whole-group/selection draws; conditional on fixed fits; four uneven target groups; no independent clip bootstrap","Delta_domain = mean source-fold F1 - mean same-model target F1","Apple M3 Pro 18 GiB; CPU4 Torch/1 BLAS; batch8; no GPU/cloud","0.02","0.17","Estimated head fitting/scoring share after shared 10-25min BEATs and 1-5min MFCC caches; measured timings in results","h1/frozen/.../lock.json; cache/ordered IDs; fitted scaler/head; probabilities; per-fit/group scores; bootstrap; code/environment hashes; h1/results/H1_20261002/summary.json and verification.json","Gap upper95 <0.05 rules out practically large gap conditionally; upper95<=0 contradicts positive gap; wide interval inconclusive","No target fit/statistics/tuning; no post-score exclusions; group/hash separation checks; previously exposed M_dev identified","Qualified H1 admission; original physical-source IDs and synthetic lineage unknown; conservative grouping","EXPERIMENTAL_PROTOCOL.md; DATASET_PROTOCOL.md; reports/proposed_experiments.md; h1/config.json; ../reports/H1_baseline_results.md"
"E2-Y","H1","R0 disposition and qualified admission v1.3.1; freeze before fitting","fit_evaluate","h1_common_budget_v1.3","Completed minimum H1 2026-10-02; 260 verified fixed heads across BEATs/MFCC; development results","synthetic_to_real","Released procedural Y(r),190/class,5 subsets; training-only bank","none; fixed settings, no tuning or early stopping","MELAUDIS_V1 M_dev: all 7810 car + 256 truck in four conservative connected groups; lock.json exact IDs","none; exposed development only; T_confirm not materialized","car;truck","car=0,truck=1; IDMT C/T, MELAUDIS FF and exact 1V-Car/1V-Truck, matching synthetic folder/filename; motorcycle and other labels excluded","Mean actual channels; IDMT only SE_CH34. Float64 resample_poly native->8000->16000 Kaiser beta5; no gain normalization; own training-only StandardScaler","One center 32000-sample crop after resampling; no padding; no additional windows","16000","4000","2","Official frozen BEATs768; paired MFCC26 control via E3","BEATs_iter3_plus_AS2M.pt SHA256 d43cbfad4d7b56381c061d7a24774f908d4d94c72961f6eb1d9090ff18cd8d34","L2 LogisticRegression C1 lbfgs tol1e-6 max_iter5000; intercept; no class weights; argmax","encoder; observation preprocessing; MFCC transform; hyperparameters","arm-specific training StandardScaler and logistic weights/intercept","none","none","not_applicable_released_bank_or_real","not_applicable_no_new_simulator","observed released audio; no new transformations","no random fold assignment; sorted complete connected groups","42;123;456;789;1024","314159","macro-F1; mean held-out-fold scores within domain; mean fold-model target scores cross-domain","balanced accuracy; accuracy; per-class precision/recall/F1; confusion; Brier; log loss; per-group/worst recall; pooled OOF","95% paired percentile; 10000 whole-group/selection draws; conditional on fixed fits; four uneven target groups; no independent clip bootstrap","Delta_sim2real(Y)=real target F1-procedural target F1","Apple M3 Pro 18 GiB; CPU4 Torch/1 BLAS; batch8; no GPU/cloud","0.02","0.17","Estimated head fitting/scoring share after shared 10-25min BEATs and 1-5min MFCC caches; measured timings in results","h1/frozen/.../lock.json; cache/ordered IDs; fitted scaler/head; probabilities; per-fit/group scores; bootstrap; code/environment hashes; h1/results/H1_20261002/summary.json and verification.json","Gap upper95 <0.05 rules out practically large gap conditionally; upper95<=0 contradicts positive gap; wide interval inconclusive","No target fit/statistics/tuning; no post-score exclusions; group/hash separation checks; previously exposed M_dev identified","Qualified H1 admission; original physical-source IDs and synthetic lineage unknown; conservative grouping","EXPERIMENTAL_PROTOCOL.md; DATASET_PROTOCOL.md; reports/proposed_experiments.md; h1/config.json; ../reports/H1_baseline_results.md"
"E2-A","H1","R0 disposition and qualified admission v1.3.1; freeze before fitting","fit_evaluate","h1_common_budget_v1.3","Completed minimum H1 2026-10-02; 260 verified fixed heads across BEATs/MFCC; development results","synthetic_to_real","Released AudioLDM A(r),190/class; all trucks repeated across seeds,190-of-192 cars","none; fixed settings, no tuning or early stopping","MELAUDIS_V1 M_dev: all 7810 car + 256 truck in four conservative connected groups; lock.json exact IDs","none; exposed development only; T_confirm not materialized","car;truck","car=0,truck=1; IDMT C/T, MELAUDIS FF and exact 1V-Car/1V-Truck, matching synthetic folder/filename; motorcycle and other labels excluded","Mean actual channels; IDMT only SE_CH34. Float64 resample_poly native->8000->16000 Kaiser beta5; no gain normalization; own training-only StandardScaler","One center 32000-sample crop after resampling; no padding; no additional windows","16000","4000","2","Official frozen BEATs768; paired MFCC26 control via E3","BEATs_iter3_plus_AS2M.pt SHA256 d43cbfad4d7b56381c061d7a24774f908d4d94c72961f6eb1d9090ff18cd8d34","L2 LogisticRegression C1 lbfgs tol1e-6 max_iter5000; intercept; no class weights; argmax","encoder; observation preprocessing; MFCC transform; hyperparameters","arm-specific training StandardScaler and logistic weights/intercept","none","none","not_applicable_released_bank_or_real","not_applicable_no_new_simulator","observed released audio; no new transformations","no random fold assignment; sorted complete connected groups","42;123;456;789;1024","314159","macro-F1; mean held-out-fold scores within domain; mean fold-model target scores cross-domain","balanced accuracy; accuracy; per-class precision/recall/F1; confusion; Brier; log loss; per-group/worst recall; pooled OOF","95% paired percentile; 10000 whole-group/selection draws; conditional on fixed fits; four uneven target groups; no independent clip bootstrap","Delta_sim2real(A)=real target F1-AudioLDM target F1","Apple M3 Pro 18 GiB; CPU4 Torch/1 BLAS; batch8; no GPU/cloud","0.02","0.17","Estimated head fitting/scoring share after shared 10-25min BEATs and 1-5min MFCC caches; measured timings in results","h1/frozen/.../lock.json; cache/ordered IDs; fitted scaler/head; probabilities; per-fit/group scores; bootstrap; code/environment hashes; h1/results/H1_20261002/summary.json and verification.json","Gap upper95 <0.05 rules out practically large gap conditionally; upper95<=0 contradicts positive gap; wide interval inconclusive","No target fit/statistics/tuning; no post-score exclusions; group/hash separation checks; previously exposed M_dev identified","Qualified H1 admission; original physical-source IDs and synthetic lineage unknown; conservative grouping","EXPERIMENTAL_PROTOCOL.md; DATASET_PROTOCOL.md; reports/proposed_experiments.md; h1/config.json; ../reports/H1_baseline_results.md"
"E2-RR","H1","R0 disposition and qualified admission v1.3.1; freeze before fitting","fit_evaluate","h1_common_budget_v1.3","Completed minimum H1 2026-10-02; 260 verified fixed heads across BEATs/MFCC; development results","real_to_real","I_train(f,r) repeated twice;380/class rows,190/class unique","none; fixed settings, no tuning or early stopping","MELAUDIS_V1 M_dev: all 7810 car + 256 truck in four conservative connected groups; lock.json exact IDs","none; exposed development only; T_confirm not materialized","car;truck","car=0,truck=1; IDMT C/T, MELAUDIS FF and exact 1V-Car/1V-Truck, matching synthetic folder/filename; motorcycle and other labels excluded","Mean actual channels; IDMT only SE_CH34. Float64 resample_poly native->8000->16000 Kaiser beta5; no gain normalization; own training-only StandardScaler","One center 32000-sample crop after resampling; no padding; no additional windows","16000","4000","2","Official frozen BEATs768; paired MFCC26 control via E3","BEATs_iter3_plus_AS2M.pt SHA256 d43cbfad4d7b56381c061d7a24774f908d4d94c72961f6eb1d9090ff18cd8d34","L2 LogisticRegression C1 lbfgs tol1e-6 max_iter5000; intercept; no class weights; argmax","encoder; observation preprocessing; MFCC transform; hyperparameters","arm-specific training StandardScaler and logistic weights/intercept","none","identical-feature repetition only","not_applicable_released_bank_or_real","not_applicable_no_new_simulator","observed released audio; no new transformations","no random fold assignment; sorted complete connected groups","42;123;456;789;1024","314159","macro-F1; mean held-out-fold scores within domain; mean fold-model target scores cross-domain","balanced accuracy; accuracy; per-class precision/recall/F1; confusion; Brier; log loss; per-group/worst recall; pooled OOF","95% paired percentile; 10000 whole-group/selection draws; conditional on fixed fits; four uneven target groups; no independent clip bootstrap","Doubled row-count/effective-regularization control; not more independent audio","Apple M3 Pro 18 GiB; CPU4 Torch/1 BLAS; batch8; no GPU/cloud","0.02","0.17","Estimated head fitting/scoring share after shared 10-25min BEATs and 1-5min MFCC caches; measured timings in results","h1/frozen/.../lock.json; cache/ordered IDs; fitted scaler/head; probabilities; per-fit/group scores; bootstrap; code/environment hashes; h1/results/H1_20261002/summary.json and verification.json","Gap upper95 <0.05 rules out practically large gap conditionally; upper95<=0 contradicts positive gap; wide interval inconclusive","No target fit/statistics/tuning; no post-score exclusions; group/hash separation checks; previously exposed M_dev identified","Qualified H1 admission; original physical-source IDs and synthetic lineage unknown; conservative grouping","EXPERIMENTAL_PROTOCOL.md; DATASET_PROTOCOL.md; reports/proposed_experiments.md; h1/config.json; ../reports/H1_baseline_results.md"
"E2-RY","H1","R0 disposition and qualified admission v1.3.1; freeze before fitting","fit_evaluate","h1_common_budget_v1.3","Completed minimum H1 2026-10-02; 260 verified fixed heads across BEATs/MFCC; development results","synthetic_plus_real_to_real","Same I_train(f,r)+Y(r);190+190/class","none; fixed settings, no tuning or early stopping","MELAUDIS_V1 M_dev: all 7810 car + 256 truck in four conservative connected groups; lock.json exact IDs","none; exposed development only; T_confirm not materialized","car;truck","car=0,truck=1; IDMT C/T, MELAUDIS FF and exact 1V-Car/1V-Truck, matching synthetic folder/filename; motorcycle and other labels excluded","Mean actual channels; IDMT only SE_CH34. Float64 resample_poly native->8000->16000 Kaiser beta5; no gain normalization; own training-only StandardScaler","One center 32000-sample crop after resampling; no padding; no additional windows","16000","4000","2","Official frozen BEATs768; paired MFCC26 control via E3","BEATs_iter3_plus_AS2M.pt SHA256 d43cbfad4d7b56381c061d7a24774f908d4d94c72961f6eb1d9090ff18cd8d34","L2 LogisticRegression C1 lbfgs tol1e-6 max_iter5000; intercept; no class weights; argmax","encoder; observation preprocessing; MFCC transform; hyperparameters","arm-specific training StandardScaler and logistic weights/intercept","none","released procedural examples added","not_applicable_released_bank_or_real","not_applicable_no_new_simulator","observed released audio; no new transformations","no random fold assignment; sorted complete connected groups","42;123;456;789;1024","314159","macro-F1; mean held-out-fold scores within domain; mean fold-model target scores cross-domain","balanced accuracy; accuracy; per-class precision/recall/F1; confusion; Brier; log loss; per-group/worst recall; pooled OOF","95% paired percentile; 10000 whole-group/selection draws; conditional on fixed fits; four uneven target groups; no independent clip bootstrap","Mixed minus real and mixed minus RR; secondary gain, no physics attribution","Apple M3 Pro 18 GiB; CPU4 Torch/1 BLAS; batch8; no GPU/cloud","0.02","0.17","Estimated head fitting/scoring share after shared 10-25min BEATs and 1-5min MFCC caches; measured timings in results","h1/frozen/.../lock.json; cache/ordered IDs; fitted scaler/head; probabilities; per-fit/group scores; bootstrap; code/environment hashes; h1/results/H1_20261002/summary.json and verification.json","Paired upper95<=0 contradicts positive target gain; otherwise report uncertainty","No target fit/statistics/tuning; no post-score exclusions; group/hash separation checks; previously exposed M_dev identified","Qualified H1 admission; original physical-source IDs and synthetic lineage unknown; conservative grouping","EXPERIMENTAL_PROTOCOL.md; DATASET_PROTOCOL.md; reports/proposed_experiments.md; h1/config.json; ../reports/H1_baseline_results.md"
"E2-RA","H1","R0 disposition and qualified admission v1.3.1; freeze before fitting","fit_evaluate","h1_common_budget_v1.3","Completed minimum H1 2026-10-02; 260 verified fixed heads across BEATs/MFCC; development results","synthetic_plus_real_to_real","Same I_train(f,r)+A(r);190+190/class","none; fixed settings, no tuning or early stopping","MELAUDIS_V1 M_dev: all 7810 car + 256 truck in four conservative connected groups; lock.json exact IDs","none; exposed development only; T_confirm not materialized","car;truck","car=0,truck=1; IDMT C/T, MELAUDIS FF and exact 1V-Car/1V-Truck, matching synthetic folder/filename; motorcycle and other labels excluded","Mean actual channels; IDMT only SE_CH34. Float64 resample_poly native->8000->16000 Kaiser beta5; no gain normalization; own training-only StandardScaler","One center 32000-sample crop after resampling; no padding; no additional windows","16000","4000","2","Official frozen BEATs768; paired MFCC26 control via E3","BEATs_iter3_plus_AS2M.pt SHA256 d43cbfad4d7b56381c061d7a24774f908d4d94c72961f6eb1d9090ff18cd8d34","L2 LogisticRegression C1 lbfgs tol1e-6 max_iter5000; intercept; no class weights; argmax","encoder; observation preprocessing; MFCC transform; hyperparameters","arm-specific training StandardScaler and logistic weights/intercept","none","released AudioLDM examples added","not_applicable_released_bank_or_real","not_applicable_no_new_simulator","observed released audio; no new transformations","no random fold assignment; sorted complete connected groups","42;123;456;789;1024","314159","macro-F1; mean held-out-fold scores within domain; mean fold-model target scores cross-domain","balanced accuracy; accuracy; per-class precision/recall/F1; confusion; Brier; log loss; per-group/worst recall; pooled OOF","95% paired percentile; 10000 whole-group/selection draws; conditional on fixed fits; four uneven target groups; no independent clip bootstrap","Mixed minus real and mixed minus RR; secondary gain, no physics attribution","Apple M3 Pro 18 GiB; CPU4 Torch/1 BLAS; batch8; no GPU/cloud","0.02","0.17","Estimated head fitting/scoring share after shared 10-25min BEATs and 1-5min MFCC caches; measured timings in results","h1/frozen/.../lock.json; cache/ordered IDs; fitted scaler/head; probabilities; per-fit/group scores; bootstrap; code/environment hashes; h1/results/H1_20261002/summary.json and verification.json","Paired upper95<=0 contradicts positive target gain; otherwise report uncertainty","No target fit/statistics/tuning; no post-score exclusions; group/hash separation checks; previously exposed M_dev identified","Qualified H1 admission; original physical-source IDs and synthetic lineage unknown; conservative grouping","EXPERIMENTAL_PROTOCOL.md; DATASET_PROTOCOL.md; reports/proposed_experiments.md; h1/config.json; ../reports/H1_baseline_results.md"
"E3-MFCC","H1","R0 disposition and qualified admission v1.3.1; freeze before fitting","fit_evaluate","h1_common_budget_v1.3","Completed minimum H1 2026-10-02; 260 verified fixed heads across BEATs/MFCC; development results","real_to_real","Exactly all E0/E2 selections","none; fixed settings, no tuning or early stopping","MELAUDIS_V1 M_dev: all 7810 car + 256 truck in four conservative connected groups; lock.json exact IDs","none; exposed development only; T_confirm not materialized","car;truck","car=0,truck=1; IDMT C/T, MELAUDIS FF and exact 1V-Car/1V-Truck, matching synthetic folder/filename; motorcycle and other labels excluded","Mean actual channels; IDMT only SE_CH34. Float64 resample_poly native->8000->16000 Kaiser beta5; no gain normalization; own training-only StandardScaler","One center 32000-sample crop after resampling; no padding; no additional windows","16000","4000","2","MFCC26 mean/std; complete constants h1/config.json","not_applicable","L2 LogisticRegression C1 lbfgs tol1e-6 max_iter5000; intercept; no class weights; argmax","MFCC transform and settings","arm-specific training StandardScaler and logistic weights/intercept","none","none","not_applicable_released_bank_or_real","not_applicable_no_new_simulator","observed released audio; no new transformations","no random fold assignment; sorted complete connected groups","42;123;456;789;1024","314159","macro-F1; mean held-out-fold scores within domain; mean fold-model target scores cross-domain","balanced accuracy; accuracy; per-class precision/recall/F1; confusion; Brier; log loss; per-group/worst recall; pooled OOF","95% paired percentile; 10000 whole-group/selection draws; conditional on fixed fits; four uneven target groups; no independent clip bootstrap","Paired BEATs-minus-MFCC and gap sensitivity","Apple M3 Pro 18 GiB; CPU4 Torch/1 BLAS; batch8; no GPU/cloud","0.02","0.17","Estimated head fitting/scoring share after shared 10-25min BEATs and 1-5min MFCC caches; measured timings in results","h1/frozen/.../lock.json; cache/ordered IDs; fitted scaler/head; probabilities; per-fit/group scores; bootstrap; code/environment hashes; h1/results/H1_20261002/summary.json and verification.json","Paired upper95<=0 contradicts positive BEATs target advantage","No target fit/statistics/tuning; no post-score exclusions; group/hash separation checks; previously exposed M_dev identified","Qualified H1 admission; original physical-source IDs and synthetic lineage unknown; conservative grouping","EXPERIMENTAL_PROTOCOL.md; DATASET_PROTOCOL.md; reports/proposed_experiments.md; h1/config.json; ../reports/H1_baseline_results.md"
"E3-AST","deferred","H1 interpretation and separately frozen design","not_frozen","future_amendment_required","Independently pin official pretrained AST before extension","not_frozen","not_frozen","not_frozen","not_frozen","not_frozen","not_frozen","not_frozen","not_frozen","not_frozen","not_frozen","not_frozen","not_frozen","not_frozen","not_frozen","not_frozen","not_frozen","not_frozen","not_frozen","not_frozen","not_frozen","not_frozen","not_frozen","not_frozen","not_frozen","not_frozen","not_frozen","not_frozen","not_frozen","not_frozen","not_frozen","not_frozen","not_frozen","not_frozen","not_frozen","not_frozen","not_frozen","not_frozen","../reports/proposed_experiments.md; archive/pre_h1_v1.3/"
"E3-CNN","deferred","H1 interpretation and separately frozen design","not_frozen","future_amendment_required","Freeze source-group validation and training recipe before extension","not_frozen","not_frozen","not_frozen","not_frozen","not_frozen","not_frozen","not_frozen","not_frozen","not_frozen","not_frozen","not_frozen","not_frozen","not_frozen","not_frozen","not_frozen","not_frozen","not_frozen","not_frozen","not_frozen","not_frozen","not_frozen","not_frozen","not_frozen","not_frozen","not_frozen","not_frozen","not_frozen","not_frozen","not_frozen","not_frozen","not_frozen","not_frozen","not_frozen","not_frozen","not_frozen","not_frozen","not_frozen","../reports/proposed_experiments.md; archive/pre_h1_v1.3/"
"E4-E5","deferred","H1 interpretation and separately frozen design","not_frozen","future_amendment_required","Freeze controlled source x propagation factorial after H1; not implemented","not_frozen","not_frozen","not_frozen","not_frozen","not_frozen","not_frozen","not_frozen","not_frozen","not_frozen","not_frozen","not_frozen","not_frozen","not_frozen","not_frozen","not_frozen","not_frozen","not_frozen","not_frozen","not_frozen","not_frozen","not_frozen","not_frozen","not_frozen","not_frozen","not_frozen","not_frozen","not_frozen","not_frozen","not_frozen","not_frozen","not_frozen","not_frozen","not_frozen","not_frozen","not_frozen","not_frozen","not_frozen","../reports/proposed_experiments.md; archive/pre_h1_v1.3/"
"E6","deferred","H1 interpretation and separately frozen design","not_frozen","future_amendment_required","Environmental ablations after physical comparison","not_frozen","not_frozen","not_frozen","not_frozen","not_frozen","not_frozen","not_frozen","not_frozen","not_frozen","not_frozen","not_frozen","not_frozen","not_frozen","not_frozen","not_frozen","not_frozen","not_frozen","not_frozen","not_frozen","not_frozen","not_frozen","not_frozen","not_frozen","not_frozen","not_frozen","not_frozen","not_frozen","not_frozen","not_frozen","not_frozen","not_frozen","not_frozen","not_frozen","not_frozen","not_frozen","not_frozen","not_frozen","../reports/proposed_experiments.md; archive/pre_h1_v1.3/"
"E7","deferred","H1 interpretation and separately frozen design","not_frozen","future_amendment_required","Sensor ablations after preceding controls","not_frozen","not_frozen","not_frozen","not_frozen","not_frozen","not_frozen","not_frozen","not_frozen","not_frozen","not_frozen","not_frozen","not_frozen","not_frozen","not_frozen","not_frozen","not_frozen","not_frozen","not_frozen","not_frozen","not_frozen","not_frozen","not_frozen","not_frozen","not_frozen","not_frozen","not_frozen","not_frozen","not_frozen","not_frozen","not_frozen","not_frozen","not_frozen","not_frozen","not_frozen","not_frozen","not_frozen","not_frozen","../reports/proposed_experiments.md; archive/pre_h1_v1.3/"
"E8","deferred","H1 interpretation and separately frozen design","not_frozen","future_amendment_required","Real-to-sim-to-real source-only calibration; later","not_frozen","not_frozen","not_frozen","not_frozen","not_frozen","not_frozen","not_frozen","not_frozen","not_frozen","not_frozen","not_frozen","not_frozen","not_frozen","not_frozen","not_frozen","not_frozen","not_frozen","not_frozen","not_frozen","not_frozen","not_frozen","not_frozen","not_frozen","not_frozen","not_frozen","not_frozen","not_frozen","not_frozen","not_frozen","not_frozen","not_frozen","not_frozen","not_frozen","not_frozen","not_frozen","not_frozen","not_frozen","../reports/proposed_experiments.md; archive/pre_h1_v1.3/"
"E9","deferred","H1 interpretation and separately frozen design","not_frozen","future_amendment_required","Representation/domain adaptation; later","not_frozen","not_frozen","not_frozen","not_frozen","not_frozen","not_frozen","not_frozen","not_frozen","not_frozen","not_frozen","not_frozen","not_frozen","not_frozen","not_frozen","not_frozen","not_frozen","not_frozen","not_frozen","not_frozen","not_frozen","not_frozen","not_frozen","not_frozen","not_frozen","not_frozen","not_frozen","not_frozen","not_frozen","not_frozen","not_frozen","not_frozen","not_frozen","not_frozen","not_frozen","not_frozen","not_frozen","not_frozen","../reports/proposed_experiments.md; archive/pre_h1_v1.3/"
